<?xml version="1.0" encoding="UTF-8"?>
<GenRun Id="synth_1" LaunchPart="xc7k70tfbv676-1" LaunchTime="1643909098">
  <File Type="PA-TCL" Name="KaratSuba_test.tcl"/>
  <File Type="RDS-PROPCONSTRS" Name="KaratSuba_test_drc_synth.rpt"/>
  <File Type="REPORTS-TCL" Name="KaratSuba_test_reports.tcl"/>
  <File Type="RDS-RDS" Name="KaratSuba_test.vds"/>
  <File Type="RDS-UTIL" Name="KaratSuba_test_utilization_synth.rpt"/>
  <File Type="RDS-UTIL-PB" Name="KaratSuba_test_utilization_synth.pb"/>
  <File Type="RDS-DCP" Name="KaratSuba_test.dcp"/>
  <File Type="VDS-TIMINGSUMMARY" Name="KaratSuba_test_timing_summary_synth.rpt"/>
  <File Type="VDS-TIMING-PB" Name="KaratSuba_test_timing_summary_synth.pb"/>
  <FileSet Name="sources" Type="DesignSrcs" RelSrcDir="$PSRCDIR/sources_1" RelGenDir="$PGENDIR/sources_1">
    <Filter Type="Srcs"/>
    <File Path="$PSRCDIR/sources_1/imports/Karatsuba_new/karatsuba.sv">
      <FileInfo SFType="VHeader">
        <Attr Name="ImportPath" Val="$PPRDIR/../karatsuba.sv"/>
        <Attr Name="ImportTime" Val="1643906526"/>
        <Attr Name="UsedIn" Val="synthesis"/>
        <Attr Name="UsedIn" Val="simulation"/>
        <Attr Name="IsVisible" Val="1"/>
      </FileInfo>
    </File>
    <File Path="$PSRCDIR/sources_1/imports/Karatsuba_new/ks14.v">
      <FileInfo SFType="VHeader">
        <Attr Name="ImportPath" Val="$PPRDIR/../ks14.v"/>
        <Attr Name="ImportTime" Val="1643556068"/>
        <Attr Name="UsedIn" Val="synthesis"/>
        <Attr Name="UsedIn" Val="simulation"/>
        <Attr Name="IsVisible" Val="1"/>
      </FileInfo>
    </File>
    <File Path="$PSRCDIR/sources_1/imports/Karatsuba_new/ks58.v">
      <FileInfo SFType="VHeader">
        <Attr Name="ImportPath" Val="$PPRDIR/../ks58.v"/>
        <Attr Name="ImportTime" Val="1643556068"/>
        <Attr Name="UsedIn" Val="synthesis"/>
        <Attr Name="UsedIn" Val="simulation"/>
        <Attr Name="IsVisible" Val="1"/>
      </FileInfo>
    </File>
    <File Path="$PSRCDIR/sources_1/imports/Karatsuba_new/ks29.v">
      <FileInfo SFType="VHeader">
        <Attr Name="ImportPath" Val="$PPRDIR/../ks29.v"/>
        <Attr Name="ImportTime" Val="1643556068"/>
        <Attr Name="UsedIn" Val="synthesis"/>
        <Attr Name="UsedIn" Val="simulation"/>
        <Attr Name="IsVisible" Val="1"/>
      </FileInfo>
    </File>
    <File Path="$PSRCDIR/sources_1/imports/Karatsuba_new/ks15.v">
      <FileInfo SFType="VHeader">
        <Attr Name="ImportPath" Val="$PPRDIR/../ks15.v"/>
        <Attr Name="ImportTime" Val="1643556068"/>
        <Attr Name="UsedIn" Val="synthesis"/>
        <Attr Name="UsedIn" Val="simulation"/>
        <Attr Name="IsVisible" Val="1"/>
      </FileInfo>
    </File>
    <File Path="$PSRCDIR/sources_1/imports/Karatsuba_new/ks116.v">
      <FileInfo SFType="VHeader">
        <Attr Name="ImportPath" Val="$PPRDIR/../ks116.v"/>
        <Attr Name="ImportTime" Val="1643556068"/>
        <Attr Name="UsedIn" Val="synthesis"/>
        <Attr Name="UsedIn" Val="simulation"/>
        <Attr Name="IsVisible" Val="1"/>
      </FileInfo>
    </File>
    <File Path="$PSRCDIR/sources_1/imports/Karatsuba_new/ks59.v">
      <FileInfo SFType="VHeader">
        <Attr Name="ImportPath" Val="$PPRDIR/../ks59.v"/>
        <Attr Name="ImportTime" Val="1643556068"/>
        <Attr Name="UsedIn" Val="synthesis"/>
        <Attr Name="UsedIn" Val="simulation"/>
        <Attr Name="IsVisible" Val="1"/>
      </FileInfo>
    </File>
    <File Path="$PSRCDIR/sources_1/imports/Karatsuba_new/ks30.v">
      <FileInfo SFType="VHeader">
        <Attr Name="ImportPath" Val="$PPRDIR/../ks30.v"/>
        <Attr Name="ImportTime" Val="1643556068"/>
        <Attr Name="UsedIn" Val="synthesis"/>
        <Attr Name="UsedIn" Val="simulation"/>
        <Attr Name="IsVisible" Val="1"/>
      </FileInfo>
    </File>
    <File Path="$PSRCDIR/sources_1/imports/Karatsuba_new/ks117.v">
      <FileInfo SFType="VHeader">
        <Attr Name="ImportPath" Val="$PPRDIR/../ks117.v"/>
        <Attr Name="ImportTime" Val="1643556068"/>
        <Attr Name="UsedIn" Val="synthesis"/>
        <Attr Name="UsedIn" Val="simulation"/>
        <Attr Name="IsVisible" Val="1"/>
      </FileInfo>
    </File>
    <File Path="$PSRCDIR/sources_1/imports/Karatsuba_new/ks233.v">
      <FileInfo SFType="VHeader">
        <Attr Name="ImportPath" Val="$PPRDIR/../ks233.v"/>
        <Attr Name="ImportTime" Val="1643556068"/>
        <Attr Name="UsedIn" Val="synthesis"/>
        <Attr Name="UsedIn" Val="simulation"/>
        <Attr Name="IsVisible" Val="1"/>
      </FileInfo>
    </File>
    <File Path="$PSRCDIR/sources_1/imports/Karatsuba_new/TESTBENCH.sv">
      <FileInfo>
        <Attr Name="ImportPath" Val="$PPRDIR/../TESTBENCH.sv"/>
        <Attr Name="ImportTime" Val="1643908047"/>
        <Attr Name="UsedIn" Val="synthesis"/>
        <Attr Name="UsedIn" Val="implementation"/>
        <Attr Name="UsedIn" Val="simulation"/>
      </FileInfo>
    </File>
    <Config>
      <Option Name="DesignMode" Val="RTL"/>
      <Option Name="TopModule" Val="KaratSuba_test"/>
      <Option Name="TopAutoSet" Val="TRUE"/>
    </Config>
  </FileSet>
  <FileSet Name="constrs_in" Type="Constrs" RelSrcDir="$PSRCDIR/constrs_1">
    <Filter Type="Constrs"/>
    <Config>
      <Option Name="ConstrsType" Val="XDC"/>
    </Config>
  </FileSet>
  <FileSet Name="utils" Type="Utils" RelSrcDir="$PSRCDIR/utils_1">
    <Filter Type="Utils"/>
    <Config>
      <Option Name="TopAutoSet" Val="TRUE"/>
    </Config>
  </FileSet>
  <Strategy Version="1" Minor="2">
    <StratHandle Name="Vivado Synthesis Defaults" Flow="Vivado Synthesis 2021">
      <Desc>Vivado Synthesis Defaults</Desc>
    </StratHandle>
    <Step Id="synth_design"/>
  </Strategy>
</GenRun>
